PERSONAS;CONTRASE—AS
Victor Paniagua Ruiz;&FoR2WbfwE
Victor Arbelo Olivieri;eIXEDdOUK@
Emilio Gutierrez Gonzalo;wE_-kUIÒ4l
Juan Luis Gutierrez Arbelo;QK9icI6%@0
Victor Gutierrez Martin;-%ofu#o6O6
Fernando Roca Perez;8@bu1O_&UG
Emilio Ruiz Ruiz;X—#QEeoazI
Andres Arbelo Gutierrez;ar—1_s7zAi
Andres Perez Arbelo;A-Oby$b%07
Emilio Ruiz Ruiz;2jio&U-0Da
Victor Olivieri Ruiz;-B_2E$iea-
Antonio Gutierrez Gutierrez;@SBeMA%KHu
Fernando Martin Roca;UDoU@2mO@A
Andres Olivieri Olivieri;Pg$_@CkcWÒ
Fernando Gonzalo Martin;EAe3@4a2io
Antonio Paniagua Martin;R4Fv&OE-wC
Antonio Martin Gonzalo;4aQAoIObH&
Andres Olivieri Arbelo;aio7GvoAi_
Juan Luis Paniagua Gutierrez;oUzC—NÒENQ
Juan Luis Gutierrez Roca;G&oeOavIe2
Juan Luis Olivieri Roca;N_y1V#ÒtRu
Andres Ruiz Ruiz;aneuo%aC&N
Juan Luis Paniagua Olivieri;&UOAiuERot
Antonio Perez Perez;3sO-oaJAmO
Fernando Ruiz Paniagua;0Ua%UA#Exc
Andres Olivieri Gonzalo;zy$@@_Aa89
Victor Paniagua Perez;#øNOMBRE?
Fernando Olivieri Gutierrez;tO7gjuoio_
Victor Roca Olivieri;6o&eUoeW$O
Fernando Perez Gutierrez;HAn47_0ubg
Fernando Ruiz Olivieri;&9-OÒkAFso
Juan Luis Roca Ruiz;80fOIo$%z4
Antonio Gonzalo Martin;2KXUJooUl8
Emilio Olivieri Paniagua;OÒuÒ@FOUG4
Antonio Olivieri Perez;c#uk&aOb6D
Antonio Gonzalo Perez;8KiadJ2at@
Andres Martin Gonzalo;#øNOMBRE?
Victor Paniagua Gutierrez;Òu&93P%tei
Antonio Gonzalo Gutierrez;ueLdÒY2Aix
Emilio Ruiz Martin;mEen@-I55%
Victor Martin Paniagua;oqOzSOU—wN
Emilio Paniagua Ruiz;vF#WgoUEjU
Victor Martin Paniagua;Ioe_sJ_oSE
Juan Luis Martin Gonzalo;&7-oJaaEJi
Antonio Roca Arbelo;&Ai-@A@-_I
Fernando Olivieri Ruiz;pa2R2rcOe1
Fernando Gonzalo Roca;pfIp&-mAeJ
Juan Luis Ruiz Gutierrez;%3#8Z%9F—Ò
Fernando Gonzalo Roca;zuP2hoPoo_
Emilio Perez Olivieri;ki8ipeJÒde
Victor Paniagua Ruiz;UtjAQyAESu
Juan Luis Perez Martin;$3%e—971Ia
Emilio Gonzalo Roca;5TOoep%o9@
Victor Martin Perez;&Ay5c_Jfxi
Andres Ruiz Martin;gcRzmHWa$o
Emilio Ruiz Perez;ge$o8Pbo04
Andres Paniagua Gonzalo;feDIUYe_$-
Victor Paniagua Paniagua;Zd8#JmA2lU
Fernando Gutierrez Roca;uOPu81Mbu6
Andres Perez Gonzalo;jL@AeAUeba
Victor Gonzalo Martin;8GUTEECRA7
Emilio Arbelo Paniagua;9pe9Q5_i5G
Fernando Paniagua Perez;%a@QaYL$OR
Emilio Perez Ruiz;-e&#xAM&aG
Juan Luis Roca Paniagua;%pgoS—AFoQ
Antonio Roca Gutierrez;ugJEIYU4bE
Antonio Roca Martin;9o5$-u9X72
Juan Luis Roca Martin;b2jFL69l@A
Andres Paniagua Roca;WU$3aooIiW
Andres Martin Paniagua;eIUA44e@0R
Andres Perez Olivieri;$I_9bACdoO
Fernando Gutierrez Perez;VAtUI#UiEÒ
Juan Luis Olivieri Martin;Uq4B3D9&%d
Fernando Perez Roca;-kfe6I$-0E
Juan Luis Olivieri Olivieri;e_2HOe7EoE
Andres Perez Roca;_19q_-1wqG
Antonio Martin Roca;$l-#EwIZ9n
Juan Luis Roca Martin;o6A@V$IDzI
Andres Ruiz Arbelo;EYkIa74UoI
Emilio Roca Gonzalo;Afx8AIa#_N
Emilio Gonzalo Gutierrez;OIOIOEmEZ6
Emilio Paniagua Paniagua;IxAf_b7—oM
Andres Paniagua Paniagua;p-gEb0-uzX
Emilio Arbelo Gonzalo;$lUU%iNOo2
Victor Perez Ruiz;ca8bXÒII0e
Victor Gonzalo Arbelo;II—ziE$b_p
Victor Roca Gutierrez;mApnyuudu-
Andres Paniagua Arbelo;qeonra5L#3
Juan Luis Gutierrez Paniagua;%FAU@x_O%U
Andres Gutierrez Roca;#0-NEa%E16
Emilio Roca Gutierrez;Au100@leOx
Victor Arbelo Gutierrez;ME7_2z2z_t
Victor Gutierrez Gonzalo;aONIZdpmOW
Juan Luis Gutierrez Martin;@AI2e@cg-u
Emilio Ruiz Martin;5U&$ke3&_U
Emilio Ruiz Gonzalo;@rYi#oUGNp
Emilio Ruiz Olivieri;N03g_86T8I
Antonio Paniagua Arbelo;$8_xet8EXJ
Juan Luis Ruiz Gutierrez;$s7K6TIIZs
Andres Olivieri Olivieri;xZN%GE%Eeh
